tracks,
"Subterranean",
"Look At You",
"Transmission",
"Concorde",
"Muted Mind",
"Perfect in a Way",
"Destination",
"Wardenclyffe",
"Pangea",
"Wall Of Strings",
"Sonder",
"Lll",
"Minister",
"Begin Again",
"Flora",
"Destination Lost",
"Sternstunde",
"The Morning After",
"One Last Call",
"Rebirth",
"The Space In Between",
"Land of Sunshine",
"Run Away",
"Out of Sight",
"Echo",
"Equinox",
"Black Ice",
"Metamorphosis",
"Rwanda",
"Gola",
"Spaces",
"Blue Parrot",
"Stranger Things",
"World Of Sound",
"Loona",
"The Orange Theme",
"Tribute",
"Inhibitions",
"The Summit",
"Loss",
"Sources",
"Petroleum",
"Someone Else",
"Connect One",
"Outline",
"Selbst",
"Some Good Here",
"Asanchi",
"Meifeng",
"Tales From Beyond",
"Event Horizon",
"Earth Call",
"Postquam",
"Canopée des Cîmes",
"Changing Lanes",
"Midnight Sun",
"The Voices",
"Still Breathing",
"Ocean Soul",
"Sonoma",
"In My Grasp",
"Panama",
"Decade",
"Phases",
"Attraction",
"The Future Is Intelligent",
"Minerals",
"In Memoriam",
"Shall Pass",
"Before Time",
"Lost",
"Red Sun",
"Naturish",
"Echoes",
"Winter Sleep",
"Ethernal",
"The Loved Are Never Lost",
